Lunes;01-abr
Martes;02-abr
Miércoles;03-abr
Jueves;04-abr
Viernes;05-abr
Lunes;08-abr
Martes;09-abr
Miércoles;10-abr
Jueves;11-abr
Viernes;12-abr
Lunes;15-abr
Martes;16-abr
Miércoles;17-abr
Jueves;18-abr
Viernes;19-abr
Lunes;22-abr
Martes;23-abr
Miércoles;24-abr
Jueves;25-abr
Viernes;26-abr
Lunes;29-abr
Martes;30-abr
Miércoles;01-may
Jueves;02-may
Viernes;03-may
Lunes;06-may
Martes;07-may
Miércoles;08-may
Jueves;09-may
Viernes;10-may
Lunes;13-may
Martes;14-may
Miércoles;15-may
Jueves;16-may
Viernes;17-may
Lunes;20-may
Martes;21-may
Miércoles;22-may
Jueves;23-may
Viernes;24-may
Lunes;27-may
Martes;28-may
Miércoles;29-may
Jueves;30-may
Viernes;31-may
Lunes;03-jun
Martes;04-jun
Miércoles;05-jun
Jueves;06-jun
Viernes;07-jun
Lunes;10-jun
Martes;11-jun
Miércoles;12-jun
Jueves;13-jun
Viernes;14-jun
Lunes;17-jun
Martes;18-jun
Miércoles;19-jun
Jueves;20-jun
Viernes;21-jun
Lunes;24-jun
Martes;25-jun
Miércoles;26-jun
Jueves;27-jun
Viernes;28-jun
Lunes;01-jul
Martes;02-jul
Miércoles;03-jul
Jueves;04-jul
Viernes;05-jul
