22123456-2;Maria;Vega
22098765-3;Carlos;Salazar
22345678-4;Sofia;Perez
22567890-5;Luis;Gonzalez
22678901-6;Ana;Rodriguez
22456789-7;Diego;Hernandez
22234567-8;Andrea;Fernandez
22901234-9;Pablo;Martinez
22789012-1;Laura;Lopez
22345678-2;Alejandro;Gomez
22567890-3;Carmen;Diaz
22123456-4;Lucia;Soto
22234567-5;Isabela;Sanchez
22890123-6;Daniel;Ortiz
22678901-7;Marta;Rojas
22456789-8;Felipe;Jimenez
22789012-9;Anais;Castro
22567890-1;Miguel;Moreno
22345678-3;Alberto;Peralta
22123456-5;Jorge;Silva
22234567-6;Patricia;Pena
22678901-5;Antonio;Vargas
22056677-6;Paula;Navarro
22890123-7;Raquel;Molina
22901234-8;Rodrigo;Delgado
22789012-9;Anais;Castro
22456789-1;Gabriel;Guerrero
22567890-2;Natalia;Ortega
22345678-3;Alberto;Peralta
22123456-4;Lucia;Soto
22056677-5;Diego;Mendez
22234567-6;Patricia;Pena
22901234-7;Santiago;Herrera
22387123-4;Manuel;Garcia
22458963-5;Elena;Ramirez
22568741-6;Ruben;Leon
